{
  "getProductByShipto" : {
    "transaction" : "getProductByShipto",
    "sampleCount" : 7483,
    "errorCount" : 2,
    "errorPct" : 0.026727248,
    "meanResTime" : 2011.6772684752132,
    "medianResTime" : 1540.0,
    "minResTime" : 608.0,
    "maxResTime" : 102340.0,
    "pct1ResTime" : 3613.0,
    "pct2ResTime" : 3853.7999999999993,
    "pct3ResTime" : 4227.16,
    "throughput" : 41.09528856767844,
    "receivedKBytesPerSec" : 2350.7317227942103,
    "sentKBytesPerSec" : 45.297051038571794
  },
  "Total" : {
    "transaction" : "Total",
    "sampleCount" : 7483,
    "errorCount" : 2,
    "errorPct" : 0.026727248,
    "meanResTime" : 2011.6772684752132,
    "medianResTime" : 1540.0,
    "minResTime" : 608.0,
    "maxResTime" : 102340.0,
    "pct1ResTime" : 3613.0,
    "pct2ResTime" : 3853.7999999999993,
    "pct3ResTime" : 4227.16,
    "throughput" : 41.09528856767844,
    "receivedKBytesPerSec" : 2350.7317227942103,
    "sentKBytesPerSec" : 45.297051038571794
  }
}