{
  "getProductByShipto" : {
    "transaction" : "getProductByShipto",
    "sampleCount" : 7500,
    "errorCount" : 1,
    "errorPct" : 0.013333334,
    "meanResTime" : 1587.857466666668,
    "medianResTime" : 1438.0,
    "minResTime" : 292.0,
    "maxResTime" : 4458.0,
    "pct1ResTime" : 2406.9000000000005,
    "pct2ResTime" : 2618.8999999999996,
    "pct3ResTime" : 3323.949999999999,
    "throughput" : 76.08805924723546,
    "receivedKBytesPerSec" : 4364.93900868355,
    "sentKBytesPerSec" : 83.87887216889014
  },
  "Total" : {
    "transaction" : "Total",
    "sampleCount" : 7500,
    "errorCount" : 1,
    "errorPct" : 0.013333334,
    "meanResTime" : 1587.857466666668,
    "medianResTime" : 1438.0,
    "minResTime" : 292.0,
    "maxResTime" : 4458.0,
    "pct1ResTime" : 2406.9000000000005,
    "pct2ResTime" : 2618.8999999999996,
    "pct3ResTime" : 3323.949999999999,
    "throughput" : 76.08805924723546,
    "receivedKBytesPerSec" : 4364.93900868355,
    "sentKBytesPerSec" : 83.87887216889014
  }
}