{
  "getProductByShipto" : {
    "transaction" : "getProductByShipto",
    "sampleCount" : 7500,
    "errorCount" : 1,
    "errorPct" : 0.013333334,
    "meanResTime" : 2249.922933333323,
    "medianResTime" : 2105.0,
    "minResTime" : 628.0,
    "maxResTime" : 8066.0,
    "pct1ResTime" : 3366.800000000001,
    "pct2ResTime" : 4325.849999999999,
    "pct3ResTime" : 5761.959999999999,
    "throughput" : 66.81038322435818,
    "receivedKBytesPerSec" : 3792.569497065354,
    "sentKBytesPerSec" : 73.71647162674375
  },
  "Total" : {
    "transaction" : "Total",
    "sampleCount" : 7500,
    "errorCount" : 1,
    "errorPct" : 0.013333334,
    "meanResTime" : 2249.922933333323,
    "medianResTime" : 2105.0,
    "minResTime" : 628.0,
    "maxResTime" : 8066.0,
    "pct1ResTime" : 3366.800000000001,
    "pct2ResTime" : 4325.849999999999,
    "pct3ResTime" : 5761.959999999999,
    "throughput" : 66.81038322435818,
    "receivedKBytesPerSec" : 3792.569497065354,
    "sentKBytesPerSec" : 73.71647162674375
  }
}